Name,PreviousMarks,Grade,Attendance,StudyHours,FinalMarks
Student1,49,D,61,5,50
Student2,63,C,68,2,60
Student3,46,D,97,7,56
Student4,38,D,65,4,42
Student5,38,D,95,4,55
Student6,88,A,74,8,88
Student7,70,B,60,3,61
Student8,78,B,77,3,66
Student9,78,B,66,2,65
Student10,47,D,82,6,61
Student11,68,C,62,8,72
Student12,50,C,84,2,54
Student13,72,B,100,6,79
Student14,59,C,64,1,55
Student15,64,C,78,2,56
Student16,47,D,84,5,57
Student17,81,B,70,6,75
Student18,61,C,77,2,60
Student19,56,C,94,4,57
Student20,94,A,84,5,88
Student21,63,C,80,1,54
Student22,39,D,80,7,52
Student23,43,D,73,6,50
Student24,98,A,85,8,89
Student25,68,C,68,4,65
Student26,68,C,97,7,78
Student27,86,A,83,4,73
Student28,98,A,65,1,70
Student29,54,C,100,3,63
Student30,89,A,98,2,78
Student31,83,B,98,8,88
Student32,67,C,95,1,66
Student33,49,D,94,5,63
Student34,78,B,67,5,71
Student35,55,C,89,1,52
Student36,57,C,92,2,62
Student37,73,B,100,4,69
Student38,82,B,70,1,69
Student39,76,B,91,1,62
Student40,81,B,79,4,67
Student41,65,C,96,2,58
Student42,97,A,64,3,74
Student43,95,A,95,3,81
Student44,89,A,73,4,75
Student45,86,A,83,8,87
Student46,92,A,67,4,75
Student47,43,D,81,1,48
Student48,64,C,97,4,61
Student49,44,D,100,1,46
Student50,43,D,62,6,46
Student51,65,C,77,8,68
Student52,51,C,96,8,64
Student53,95,A,86,4,78
Student54,47,D,87,6,59
Student55,87,A,89,1,77
Student56,47,D,63,7,55
Student57,48,D,75,4,50
Student58,92,A,68,7,80
Student59,70,B,89,4,64
Student60,91,A,95,2,73
Student61,36,D,65,4,40
Student62,87,A,91,8,84
Student63,86,A,63,3,71
Student64,35,D,84,5,50
Student65,71,B,87,8,73
Student66,59,C,78,4,54
Student67,42,D,80,1,38
Student68,96,A,92,3,77
Student69,45,D,71,2,49
Student70,43,D,75,7,51
Student71,66,C,97,1,65
Student72,45,D,86,6,55
Student73,61,C,80,4,60
Student74,85,A,68,5,77
Student75,75,B,64,1,62
Student76,47,D,64,4,52
Student77,68,C,68,6,62
Student78,66,C,83,5,63
Student79,91,A,94,5,87
Student80,36,D,95,5,56
Student81,48,D,68,5,48
Student82,48,D,95,3,53
Student83,71,B,98,4,70
Student84,61,C,100,5,70
Student85,97,A,76,1,71
Student86,89,A,77,1,66
Student87,77,B,68,5,67
Student88,91,A,95,7,91
Student89,36,D,67,2,36
Student90,39,D,83,3,47
Student91,51,C,62,5,53
Student92,40,D,82,4,53
Student93,66,C,66,6,68
Student94,87,A,99,3,76
Student95,55,C,71,7,56
Student96,57,C,81,7,69
Student97,66,C,77,3,57
Student98,83,B,62,8,76
Student99,60,C,89,6,65
Student100,64,C,74,1,60
Student101,59,C,85,6,63
Student102,43,D,77,6,58
Student103,86,A,94,6,77
Student104,49,D,76,3,55
Student105,68,C,62,2,61
Student106,90,A,82,6,83
Student107,49,D,84,4,53
Student108,40,D,87,1,46
Student109,60,C,83,7,63
Student110,77,B,99,6,83
Student111,50,C,79,5,61
Student112,87,A,80,7,81
Student113,51,C,72,7,64
Student114,83,B,71,5,75
Student115,35,D,79,5,45
Student116,90,A,97,6,87
Student117,91,A,88,4,83
Student118,95,A,70,2,74
Student119,77,B,65,4,72
Student120,74,B,74,4,64
Student121,38,D,62,4,45
Student122,44,D,89,7,63
Student123,59,C,84,8,69
Student124,66,C,69,1,51
Student125,89,A,74,3,77
Student126,94,A,63,4,73
Student127,93,A,68,8,90
Student128,75,B,88,7,80
Student129,92,A,70,8,87
Student130,68,C,75,5,69
Student131,97,A,100,4,85
Student132,91,A,64,5,75
Student133,69,C,81,6,73
Student134,45,D,68,3,45
Student135,84,B,69,4,68
Student136,88,A,86,6,85
Student137,94,A,86,1,74
Student138,88,A,84,1,76
Student139,83,B,90,1,70
Student140,73,B,84,7,78
Student141,63,C,91,4,63
Student142,90,A,91,1,75
Student143,78,B,85,3,72
Student144,51,C,99,1,53
Student145,38,D,65,7,47
Student146,94,A,71,1,72
Student147,83,B,80,4,76
Student148,76,B,81,7,75
Student149,88,A,76,2,74
Student150,37,D,94,1,43
Student151,63,C,64,1,48
Student152,66,C,72,1,60
Student153,54,C,75,3,55
Student154,49,D,96,4,59
Student155,67,C,83,3,67
Student156,49,D,70,5,49
Student157,38,D,79,7,54
Student158,60,C,64,4,53
Student159,73,B,98,2,71
Student160,40,D,82,7,59
Student161,82,B,64,6,69
Student162,88,A,91,2,76
Student163,81,B,100,8,82
Student164,90,A,71,5,82
Student165,96,A,89,7,93
Student166,69,C,80,4,61
Student167,70,B,88,4,70
Student168,83,B,81,1,70
Student169,76,B,71,8,74
Student170,80,B,76,6,74
Student171,70,B,95,1,66
Student172,59,C,65,4,57
Student173,97,A,95,4,87
Student174,97,A,88,1,74
Student175,72,B,74,7,70
Student176,74,B,97,6,78
Student177,79,B,87,6,77
Student178,93,A,77,5,80
Student179,64,C,67,4,60
Student180,50,C,94,3,53
Student181,62,C,90,5,69
Student182,71,B,66,4,63
Student183,64,C,83,3,60
Student184,36,D,94,3,45
Student185,40,D,63,5,44
Student186,97,A,66,1,77
Student187,71,B,90,8,79
Student188,78,B,71,1,62
Student189,96,A,67,2,76
Student190,97,A,64,1,70
Student191,54,C,96,5,58
Student192,66,C,67,7,71
Student193,63,C,93,7,72
Student194,91,A,79,7,83
Student195,42,D,99,2,47
Student196,62,C,76,2,53
Student197,65,C,71,2,54
Student198,35,D,86,8,58
Student199,95,A,78,1,73
Student200,71,B,78,8,70
Student201,64,C,76,4,63
Student202,49,D,94,4,61
Student203,54,C,77,3,50
Student204,42,D,70,5,53
Student205,71,B,88,2,66
Student206,73,B,85,5,74
Student207,98,A,88,2,84
Student208,40,D,87,6,57
Student209,67,C,61,2,54
Student210,37,D,77,1,37
Student211,95,A,93,8,91
Student212,58,C,97,7,73
Student213,97,A,65,8,87
Student214,87,A,81,6,85
Student215,48,D,70,6,56
Student216,98,A,78,7,91
Student217,39,D,89,2,45
Student218,67,C,80,2,61
Student219,35,D,94,8,57
Student220,41,D,72,6,55
Student221,98,A,100,8,90
Student222,61,C,77,3,57
Student223,91,A,91,2,72
Student224,65,C,70,5,66
Student225,36,D,95,7,51
Student226,63,C,67,8,63
Student227,54,C,91,5,64
Student228,69,C,86,8,77
Student229,66,C,89,3,64
Student230,59,C,98,3,57
Student231,70,B,86,6,74
Student232,69,C,60,5,62
Student233,97,A,69,8,91
Student234,96,A,82,6,89
Student235,83,B,89,6,78
Student236,65,C,96,7,70
Student237,87,A,62,6,79
Student238,83,B,84,3,75
Student239,39,D,68,6,45
Student240,91,A,66,8,79
Student241,53,C,86,3,51
Student242,95,A,76,6,88
Student243,85,A,65,6,81
Student244,83,B,80,8,85
Student245,39,D,99,2,45
Student246,71,B,74,2,62
Student247,47,D,100,2,54
Student248,56,C,79,1,46
Student249,76,B,63,5,68
Student250,82,B,87,3,71
Student251,87,A,96,3,74
Student252,57,C,65,7,65
Student253,65,C,91,3,61
Student254,94,A,100,5,88
Student255,67,C,60,8,67
Student256,55,C,64,8,62
Student257,73,B,100,7,77
Student258,93,A,79,4,81
Student259,96,A,66,4,80
Student260,80,B,96,5,76
Student261,37,D,85,5,44
Student262,41,D,98,8,59
Student263,64,C,98,6,68
Student264,59,C,99,5,70
Student265,52,C,100,2,60
Student266,40,D,79,8,51
Student267,81,B,68,2,65
Student268,76,B,86,3,67
Student269,51,C,94,6,64
Student270,69,C,70,5,67
Student271,72,B,81,2,65
Student272,44,D,69,4,53
Student273,85,A,95,6,78
Student274,85,A,60,5,76
Student275,50,C,89,6,65
Student276,68,C,97,7,79
Student277,82,B,66,4,72
Student278,38,D,99,6,59
Student279,63,C,64,8,66
Student280,87,A,67,3,67
Student281,39,D,79,8,51
Student282,47,D,75,3,50
Student283,93,A,83,7,90
Student284,54,C,86,2,56
Student285,87,A,77,1,70
Student286,62,C,88,8,69
Student287,81,B,66,6,77
Student288,80,B,63,7,74
Student289,59,C,67,8,61
Student290,62,C,100,1,54
Student291,77,B,75,3,71
Student292,61,C,64,4,61
Student293,62,C,74,6,61
Student294,35,D,77,3,39
Student295,67,C,71,2,63
Student296,38,D,68,1,38
Student297,65,C,97,6,65
Student298,57,C,76,1,48
Student299,88,A,93,2,71
Student300,95,A,88,6,90
Student301,48,D,88,4,58
Student302,40,D,93,5,55
Student303,38,D,63,8,52
Student304,89,A,66,8,85
Student305,44,D,65,6,55
Student306,53,C,64,3,50
Student307,76,B,84,5,74
Student308,90,A,66,2,76
Student309,62,C,87,8,69
Student310,87,A,81,8,85
Student311,88,A,66,6,79
Student312,75,B,76,6,69
Student313,95,A,64,2,70
Student314,46,D,87,2,49
Student315,51,C,95,1,56
Student316,77,B,67,7,74
Student317,89,A,63,5,80
Student318,74,B,82,2,69
Student319,62,C,69,8,65
Student320,48,D,82,6,53
Student321,70,B,96,4,70
Student322,38,D,98,5,47
Student323,58,C,77,5,60
Student324,79,B,60,3,62
Student325,86,A,64,3,75
Student326,38,D,65,4,45
Student327,88,A,89,6,80
Student328,82,B,79,6,81
Student329,45,D,63,3,43
Student330,41,D,65,5,50
Student331,89,A,91,8,89
Student332,69,C,73,2,60
Student333,90,A,67,5,82
Student334,97,A,93,5,82
Student335,63,C,85,1,52
Student336,61,C,79,4,57
Student337,67,C,78,6,64
Student338,35,D,91,7,50
Student339,51,C,84,4,58
Student340,80,B,64,7,70
Student341,90,A,61,8,78
Student342,75,B,96,7,82
Student343,86,A,100,7,85
Student344,49,D,85,1,48
Student345,56,C,99,8,69
Student346,46,D,87,2,47
Student347,90,A,97,7,90
Student348,45,D,85,5,54
Student349,63,C,81,3,56
Student350,49,D,93,4,56
Student351,79,B,69,4,65
Student352,53,C,76,4,52
Student353,54,C,64,3,56
Student354,98,A,89,8,98
Student355,76,B,100,6,75
Student356,91,A,64,8,85
Student357,73,B,77,1,61
Student358,44,D,79,8,60
Student359,39,D,63,6,47
Student360,44,D,65,7,55
Student361,40,D,88,4,50
Student362,95,A,92,3,76
Student363,92,A,66,6,76
Student364,57,C,62,4,57
Student365,91,A,93,3,79
Student366,82,B,78,7,80
Student367,78,B,98,1,73
Student368,77,B,64,6,67
Student369,84,B,78,5,81
Student370,54,C,81,2,57
Student371,53,C,82,5,63
Student372,85,A,68,2,68
Student373,83,B,81,3,77
Student374,46,D,87,6,52
Student375,81,B,79,3,68
Student376,78,B,91,4,71
Student377,52,C,69,2,48
Student378,47,D,92,1,54
Student379,78,B,99,3,77
Student380,83,B,69,3,67
Student381,56,C,88,1,54
Student382,81,B,75,8,84
Student383,71,B,88,4,71
Student384,65,C,79,8,69
Student385,82,B,96,8,86
Student386,71,B,84,7,70
Student387,60,C,98,3,61
Student388,41,D,90,6,58
Student389,48,D,93,2,50
Student390,45,D,70,5,53
Student391,53,C,87,2,51
Student392,92,A,82,1,75
Student393,41,D,85,6,52
Student394,84,B,65,6,73
Student395,38,D,80,2,48
Student396,77,B,69,3,61
Student397,71,B,90,3,69
Student398,92,A,99,1,73
Student399,37,D,76,4,42
Student400,89,A,67,5,75
Student401,73,B,67,1,57
Student402,88,A,100,8,85
Student403,49,D,91,1,55
Student404,65,C,69,5,64
Student405,35,D,99,6,51
Student406,88,A,71,2,74
Student407,81,B,64,1,64
Student408,95,A,62,7,83
Student409,67,C,61,6,60
Student410,79,B,75,2,70
Student411,77,B,68,1,62
Student412,78,B,71,8,79
Student413,58,C,68,2,54
Student414,39,D,78,4,42
Student415,60,C,62,6,59
Student416,85,A,94,8,85
Student417,39,D,72,5,48
Student418,41,D,81,5,47
Student419,82,B,87,7,83
Student420,84,B,81,3,75
Student421,98,A,83,5,81
Student422,89,A,65,7,84
Student423,58,C,94,5,64
Student424,48,D,65,6,59
Student425,72,B,79,8,79
Student426,89,A,70,8,83
Student427,92,A,62,6,84
Student428,90,A,77,1,67
Student429,86,A,83,3,69
Student430,53,C,98,8,62
Student431,51,C,64,4,56
Student432,81,B,83,7,83
Student433,39,D,98,3,54
Student434,92,A,83,6,86
Student435,44,D,96,3,55
Student436,81,B,85,6,83
Student437,70,B,75,2,56
Student438,58,C,91,7,70
Student439,50,C,76,5,57
Student440,62,C,99,5,69
Student441,60,C,67,3,51
Student442,92,A,71,8,81
Student443,75,B,82,2,68
Student444,72,B,79,3,70
Student445,57,C,83,4,55
Student446,60,C,68,4,60
Student447,38,D,83,6,53
Student448,51,C,99,2,50
Student449,74,B,85,8,80
Student450,87,A,86,2,70
Student451,75,B,64,8,76
Student452,79,B,68,3,64
Student453,90,A,92,1,70
Student454,54,C,79,3,51
Student455,76,B,74,6,75
Student456,71,B,65,5,64
Student457,70,B,68,5,70
Student458,46,D,92,3,56
Student459,54,C,70,6,62
Student460,40,D,61,2,35
Student461,68,C,73,7,73
Student462,38,D,91,5,56
Student463,73,B,90,4,75
Student464,86,A,79,8,79
Student465,42,D,70,8,56
Student466,96,A,89,4,83
Student467,53,C,80,6,60
Student468,86,A,68,6,80
Student469,48,D,80,4,55
Student470,50,C,77,8,59
Student471,53,C,66,1,46
Student472,84,B,99,7,82
Student473,55,C,80,6,59
Student474,55,C,91,8,69
Student475,74,B,91,1,61
Student476,85,A,92,8,83
Student477,62,C,97,6,64
Student478,41,D,78,8,60
Student479,95,A,78,1,71
Student480,90,A,68,5,78
Student481,86,A,83,1,71
Student482,41,D,96,4,52
Student483,71,B,64,7,72
Student484,92,A,95,5,88
Student485,50,C,68,2,49
Student486,82,B,81,6,74
Student487,60,C,98,7,73
Student488,40,D,62,1,35
Student489,77,B,90,8,77
Student490,52,C,80,6,56
Student491,85,A,99,5,85
Student492,78,B,92,8,85
Student493,73,B,90,1,64
Student494,77,B,67,7,78
Student495,74,B,100,1,70
Student496,95,A,76,4,75
Student497,96,A,70,7,83
Student498,66,C,62,2,54
Student499,37,D,88,6,53
Student500,54,C,86,4,59
Student501,95,A,63,3,79
Student502,61,C,95,6,73
Student503,96,A,93,7,90
Student504,57,C,89,6,67
Student505,80,B,76,8,77
Student506,66,C,77,5,63
Student507,73,B,78,4,69
Student508,75,B,90,6,78
Student509,70,B,78,2,66
Student510,83,B,85,6,76
Student511,72,B,62,5,62
Student512,79,B,88,5,77
Student513,62,C,72,5,65
Student514,69,C,68,2,63
Student515,65,C,75,1,61
Student516,63,C,100,4,61
Student517,47,D,86,6,59
Student518,47,D,68,1,47
Student519,55,C,86,8,68
Student520,60,C,78,6,63
Student521,42,D,65,4,49
Student522,39,D,71,7,49
Student523,39,D,85,8,53
Student524,72,B,62,1,57
Student525,48,D,81,5,57
Student526,98,A,68,8,87
Student527,59,C,67,6,58
Student528,93,A,76,3,72
Student529,78,B,78,4,67
Student530,86,A,87,6,77
Student531,86,A,66,3,68
Student532,96,A,80,4,77
Student533,68,C,84,4,68
Student534,69,C,81,5,72
Student535,36,D,76,6,47
Student536,42,D,67,8,54
Student537,55,C,85,5,56
Student538,72,B,83,4,66
Student539,52,C,90,3,57
Student540,82,B,86,8,85
Student541,62,C,75,2,59
Student542,92,A,93,6,82
Student543,49,D,63,4,54
Student544,54,C,70,6,61
Student545,91,A,67,4,80
Student546,97,A,65,8,82
Student547,93,A,68,7,85
Student548,42,D,95,8,65
Student549,74,B,61,7,70
Student550,35,D,73,2,35
Student551,89,A,82,2,77
Student552,42,D,64,8,49
Student553,71,B,86,3,63
Student554,88,A,83,7,85
Student555,83,B,84,2,76
Student556,52,C,82,2,49
Student557,85,A,93,3,74
Student558,35,D,61,5,45
Student559,89,A,94,7,84
Student560,66,C,89,6,66
Student561,70,B,72,2,55
Student562,88,A,99,1,73
Student563,61,C,64,2,57
Student564,39,D,88,1,41
Student565,40,D,85,8,55
Student566,62,C,63,3,59
Student567,72,B,74,6,74
Student568,76,B,75,5,68
Student569,63,C,86,5,64
Student570,42,D,95,3,55
Student571,89,A,95,8,83
Student572,79,B,84,6,77
Student573,87,A,69,5,77
Student574,58,C,94,8,68
Student575,63,C,79,3,62
Student576,42,D,95,7,59
Student577,52,C,84,4,55
Student578,61,C,81,2,59
Student579,82,B,65,4,65
Student580,69,C,84,1,56
Student581,59,C,97,4,65
Student582,61,C,81,5,58
Student583,62,C,72,2,58
Student584,66,C,98,4,68
Student585,65,C,95,6,69
Student586,83,B,89,6,79
Student587,68,C,83,8,75
Student588,47,D,90,6,56
Student589,82,B,80,7,74
Student590,63,C,69,1,53
Student591,88,A,78,3,72
Student592,77,B,74,7,79
Student593,66,C,91,6,69
Student594,97,A,91,8,89
Student595,80,B,70,3,71
Student596,97,A,71,1,77
Student597,39,D,64,1,33
Student598,87,A,68,4,70
Student599,54,C,60,4,55
Student600,93,A,83,1,78
Student601,96,A,91,1,73
Student602,87,A,60,1,69
Student603,70,B,94,5,66
Student604,90,A,71,2,68
Student605,54,C,75,4,59
Student606,67,C,82,5,68
Student607,45,D,83,7,60
Student608,66,C,74,5,69
Student609,45,D,62,2,44
Student610,83,B,84,8,78
Student611,36,D,70,2,42
Student612,90,A,81,2,77
Student613,40,D,74,4,51
Student614,95,A,77,1,70
Student615,70,B,94,1,60
Student616,75,B,61,4,69
Student617,53,C,85,2,52
Student618,55,C,96,4,64
Student619,84,B,94,6,82
Student620,52,C,65,6,51
Student621,47,D,87,4,50
Student622,78,B,98,7,80
Student623,38,D,100,5,55
Student624,97,A,74,6,88
Student625,83,B,87,3,78
Student626,83,B,65,5,71
Student627,44,D,65,5,46
Student628,83,B,100,3,77
Student629,75,B,83,2,62
Student630,35,D,79,8,53
Student631,69,C,66,3,57
Student632,58,C,87,8,71
Student633,87,A,66,1,63
Student634,80,B,95,2,75
Student635,76,B,84,1,63
Student636,87,A,84,2,76
Student637,66,C,96,3,70
Student638,83,B,70,3,69
Student639,73,B,77,8,72
Student640,43,D,70,7,53
Student641,88,A,79,8,81
Student642,81,B,76,4,77
Student643,98,A,98,4,88
Student644,48,D,68,5,47
Student645,85,A,81,7,81
Student646,91,A,81,7,90
Student647,52,C,79,6,63
Student648,60,C,90,6,63
Student649,85,A,80,5,82
Student650,97,A,96,4,85
Student651,83,B,77,7,79
Student652,49,D,96,4,61
Student653,58,C,95,1,58
Student654,61,C,88,5,60
Student655,87,A,91,3,81
Student656,73,B,75,5,74
Student657,54,C,87,7,60
Student658,92,A,98,8,95
Student659,86,A,94,7,87
Student660,39,D,83,2,40
Student661,66,C,82,3,67
Student662,40,D,96,7,57
Student663,90,A,66,1,65
Student664,68,C,74,4,66
Student665,82,B,85,8,87
Student666,54,C,82,1,53
Student667,48,D,78,7,54
Student668,49,D,69,6,54
Student669,78,B,89,4,76
Student670,96,A,82,8,86
Student671,91,A,88,6,80
Student672,73,B,62,2,55
Student673,78,B,66,3,64
Student674,57,C,95,3,59
Student675,89,A,89,4,80
Student676,58,C,71,7,64
Student677,38,D,99,4,53
Student678,89,A,84,1,70
Student679,61,C,77,2,60
Student680,48,D,94,3,54
Student681,76,B,72,8,72
Student682,68,C,91,6,75
Student683,84,B,99,7,88
Student684,49,D,82,6,60
Student685,57,C,79,2,59
Student686,52,C,80,2,49
Student687,74,B,67,3,64
Student688,53,C,92,7,65
Student689,52,C,96,7,65
Student690,58,C,91,3,62
Student691,56,C,91,5,59
Student692,58,C,80,8,71
Student693,41,D,82,1,45
Student694,52,C,72,7,63
Student695,98,A,86,8,93
Student696,91,A,91,3,75
Student697,38,D,74,5,43
Student698,70,B,74,5,64
Student699,93,A,96,8,94
Student700,49,D,96,2,52
Student701,81,B,94,1,71
Student702,62,C,87,2,64
Student703,66,C,79,1,59
Student704,68,C,82,2,63
Student705,50,C,75,4,57
Student706,79,B,99,7,78
Student707,52,C,73,4,49
Student708,79,B,94,5,80
Student709,56,C,80,5,59
Student710,69,C,92,2,61
Student711,87,A,63,5,80
Student712,51,C,68,4,49
Student713,76,B,75,7,77
Student714,53,C,96,5,66
Student715,88,A,84,8,82
Student716,46,D,85,5,55
Student717,93,A,91,6,90
Student718,35,D,65,8,55
Student719,80,B,64,7,73
Student720,89,A,73,8,83
Student721,76,B,78,6,76
Student722,51,C,96,8,66
Student723,41,D,62,2,46
Student724,93,A,61,2,69
Student725,91,A,89,1,75
Student726,60,C,68,5,57
Student727,70,B,65,6,66
Student728,45,D,83,3,45
Student729,85,A,100,5,79
Student730,89,A,65,2,65
Student731,62,C,90,2,56
Student732,63,C,93,8,67
Student733,36,D,81,2,43
Student734,51,C,90,2,51
Student735,84,B,65,2,63
Student736,75,B,83,5,69
Student737,83,B,68,3,65
Student738,36,D,99,3,49
Student739,79,B,73,3,69
Student740,91,A,73,2,69
Student741,52,C,67,7,59
Student742,89,A,80,3,73
Student743,70,B,65,4,66
Student744,71,B,61,5,63
Student745,59,C,85,5,67
Student746,41,D,75,8,57
Student747,49,D,75,8,65
Student748,44,D,93,1,47
Student749,75,B,68,7,77
Student750,88,A,83,3,77
Student751,44,D,61,2,38
Student752,68,C,73,1,52
Student753,85,A,92,5,84
Student754,88,A,87,7,80
Student755,54,C,77,2,51
Student756,45,D,92,4,50
Student757,76,B,85,2,66
Student758,90,A,75,1,69
Student759,46,D,87,2,51
Student760,42,D,79,3,43
Student761,36,D,68,1,34
Student762,98,A,82,5,82
Student763,82,B,68,5,69
Student764,38,D,81,7,52
Student765,43,D,76,2,47
Student766,93,A,92,6,81
Student767,98,A,96,3,84
Student768,55,C,76,2,56
Student769,49,D,74,1,41
Student770,36,D,75,1,41
Student771,81,B,84,3,68
Student772,39,D,95,7,54
Student773,76,B,75,7,75
Student774,69,C,64,6,62
Student775,41,D,71,4,50
Student776,40,D,85,2,47
Student777,71,B,79,6,66
Student778,93,A,60,6,78
Student779,72,B,96,5,76
Student780,66,C,89,6,73
Student781,98,A,72,4,78
Student782,35,D,86,1,38
Student783,79,B,100,1,69
Student784,35,D,84,5,44
Student785,61,C,93,4,64
Student786,97,A,63,3,76
Student787,46,D,62,4,51
Student788,87,A,83,8,81
Student789,47,D,92,3,58
Student790,85,A,64,1,67
Student791,51,C,75,5,55
Student792,75,B,85,6,74
Student793,92,A,77,4,75
Student794,60,C,68,2,51
Student795,48,D,70,8,61
Student796,75,B,86,2,69
Student797,80,B,73,8,78
Student798,94,A,76,2,72
Student799,55,C,79,1,49
Student800,76,B,69,2,61
Student801,80,B,85,1,72
Student802,73,B,76,3,60
Student803,86,A,88,4,73
Student804,94,A,66,3,72
Student805,36,D,63,4,39
Student806,60,C,85,6,70
Student807,45,D,97,5,52
Student808,37,D,64,4,48
Student809,91,A,68,2,72
Student810,50,C,62,8,53
Student811,56,C,96,7,68
Student812,98,A,61,7,90
Student813,89,A,71,6,78
Student814,58,C,77,5,62
Student815,54,C,62,4,58
Student816,72,B,91,7,78
Student817,96,A,63,2,73
Student818,84,B,68,7,76
Student819,66,C,100,1,63
Student820,80,B,90,8,82
Student821,76,B,84,5,69
Student822,38,D,80,4,42
Student823,70,B,63,8,74
Student824,80,B,97,4,72
Student825,47,D,75,4,50
Student826,42,D,74,7,54
Student827,57,C,71,4,60
Student828,75,B,82,1,63
Student829,53,C,96,4,61
Student830,74,B,71,8,70
Student831,46,D,63,4,52
Student832,63,C,61,8,61
Student833,77,B,99,4,71
Student834,78,B,71,6,68
Student835,37,D,69,3,38
Student836,81,B,64,6,78
Student837,85,A,97,2,74
Student838,73,B,80,3,63
Student839,90,A,100,8,95
Student840,75,B,71,6,69
Student841,57,C,84,5,60
Student842,51,C,71,1,51
Student843,85,A,96,1,69
Student844,75,B,99,4,78
Student845,48,D,91,3,53
Student846,44,D,75,6,53
Student847,56,C,100,2,63
Student848,77,B,88,1,65
Student849,61,C,75,2,56
Student850,67,C,66,1,50
Student851,84,B,88,7,79
Student852,87,A,91,7,84
Student853,83,B,66,8,83
Student854,63,C,70,8,64
Student855,39,D,78,1,41
Student856,68,C,66,2,58
Student857,56,C,84,3,52
Student858,46,D,81,8,55
Student859,90,A,70,7,79
Student860,41,D,66,6,48
Student861,59,C,86,5,68
Student862,71,B,79,4,62
Student863,41,D,85,8,55
Student864,41,D,83,1,44
Student865,46,D,78,8,57
Student866,47,D,61,4,45
Student867,72,B,65,8,68
Student868,74,B,85,8,79
Student869,68,C,65,7,65
Student870,82,B,84,6,75
Student871,92,A,62,5,80
Student872,94,A,76,4,79
Student873,42,D,69,2,39
Student874,79,B,94,7,84
Student875,64,C,95,1,60
Student876,88,A,94,8,92
Student877,65,C,90,5,63
Student878,85,A,62,3,65
Student879,92,A,71,3,73
Student880,59,C,68,1,52
Student881,45,D,87,4,57
Student882,53,C,98,5,61
Student883,43,D,65,7,56
Student884,85,A,95,6,81
Student885,93,A,60,7,78
Student886,88,A,69,3,77
Student887,47,D,66,2,44
Student888,79,B,86,5,76
Student889,97,A,96,8,88
Student890,57,C,77,7,61
Student891,86,A,62,7,78
Student892,65,C,63,8,67
Student893,82,B,61,6,72
Student894,74,B,77,8,81
Student895,47,D,74,3,48
Student896,91,A,80,5,82
Student897,46,D,72,8,56
Student898,87,A,91,6,77
Student899,55,C,64,5,59
Student900,86,A,68,1,64
Student901,59,C,72,1,50
Student902,39,D,89,1,43
Student903,60,C,77,6,65
Student904,85,A,100,2,80
Student905,38,D,75,6,52
Student906,92,A,71,8,89
Student907,79,B,82,3,69
Student908,46,D,78,1,46
Student909,41,D,70,4,45
Student910,63,C,73,5,67
Student911,87,A,92,1,78
Student912,36,D,90,3,51
Student913,57,C,98,1,54
Student914,67,C,98,5,75
Student915,70,B,87,7,73
Student916,93,A,76,4,81
Student917,73,B,93,7,80
Student918,48,D,60,6,56
Student919,71,B,79,2,64
Student920,43,D,81,5,57
Student921,76,B,77,5,76
Student922,73,B,72,3,67
Student923,65,C,63,7,71
Student924,75,B,68,1,66
Student925,98,A,78,5,85
Student926,86,A,84,1,74
Student927,59,C,81,4,65
Student928,95,A,82,5,80
Student929,58,C,78,2,56
Student930,51,C,76,3,57
Student931,77,B,65,4,67
Student932,63,C,79,7,68
Student933,82,B,76,5,76
Student934,50,C,90,1,55
Student935,44,D,90,4,55
Student936,50,C,84,5,58
Student937,41,D,69,3,42
Student938,78,B,86,8,77
Student939,75,B,71,2,65
Student940,77,B,100,3,72
Student941,42,D,60,8,52
Student942,61,C,70,3,59
Student943,46,D,68,7,60
Student944,89,A,85,7,86
Student945,84,B,60,1,67
Student946,60,C,83,1,55
Student947,59,C,61,1,55
Student948,66,C,74,6,65
Student949,51,C,66,7,61
Student950,74,B,70,2,57
Student951,73,B,78,8,78
Student952,78,B,87,3,70
Student953,97,A,82,4,80
Student954,86,A,61,4,70
Student955,51,C,73,1,51
Student956,56,C,67,6,64
Student957,39,D,84,5,53
Student958,41,D,98,1,51
Student959,48,D,61,1,39
Student960,88,A,88,7,80
Student961,67,C,90,3,62
Student962,36,D,79,7,56
Student963,47,D,93,5,61
Student964,52,C,86,2,55
Student965,50,C,78,2,46
Student966,98,A,72,4,80
Student967,60,C,82,7,65
Student968,55,C,62,8,59
Student969,96,A,81,4,77
Student970,36,D,65,2,43
Student971,98,A,69,2,80
Student972,44,D,66,5,55
Student973,64,C,89,5,65
Student974,94,A,63,2,70
Student975,40,D,78,6,57
Student976,75,B,87,2,62
Student977,40,D,60,3,47
Student978,56,C,81,6,64
Student979,69,C,65,6,66
Student980,58,C,67,7,63
Student981,93,A,77,7,87
Student982,88,A,70,2,68
Student983,42,D,70,2,44
Student984,96,A,96,8,90
Student985,83,B,82,1,73
Student986,51,C,90,8,61
Student987,87,A,88,1,68
Student988,68,C,80,1,64
Student989,63,C,81,2,59
Student990,66,C,90,6,75
Student991,84,B,69,1,61
Student992,55,C,92,8,69
Student993,56,C,64,8,62
Student994,65,C,81,5,60
Student995,63,C,95,7,72
Student996,65,C,65,8,70
Student997,92,A,65,8,86
Student998,75,B,67,8,79
Student999,37,D,66,7,50
Student1000,39,D,95,1,40
